"Symbol","Date","Expiry","Option Type","Strike Price","Open","High","Low","Close","LTP","Settle Price","No. of contracts","Turnover in Lacs","Premium Turnover in Lacs","Open Int","Change in OI","Underlying Value"
"NIFTY","01-Nov-2018","27-Dec-2018","CE","3600","0","0","0","6737.95","6744.7","6821.95","0","0","0","158100","0","-"
"NIFTY","01-Nov-2018","27-Dec-2018","CE","3700","0","0","0","3782.65","0","6723.1","0","0","0","0","0","-"
"NIFTY","01-Nov-2018","27-Dec-2018","CE","3800","0","0","0","3803.5","0","6624.25","0","0","0","0","0","-"
"NIFTY","01-Nov-2018","27-Dec-2018","CE","3900","0","0","0","3811.6","0","6525.4","0","0","0","0","0","-"
"NIFTY","01-Nov-2018","27-Dec-2018","CE","4000","6310","6383","6299.6","6358.25","6365","6358.25","18","139.44","85.44","1061925","0","-"
"NIFTY","01-Nov-2018","27-Dec-2018","CE","4100","0","0","0","3687.85","0","6327.7","0","0","0","0","0","-"
"NIFTY","01-Nov-2018","27-Dec-2018","CE","4200","0","0","0","3626.3","0","6228.85","0","0","0","0","0","-"
"NIFTY","01-Nov-2018","27-Dec-2018","CE","4300","0","0","0","3565","0","6130","0","0","0","0","0","-"
"NIFTY","01-Nov-2018","27-Dec-2018","CE","4400","0","0","0","3504","0","6031.15","0","0","0","0","0","-"
"NIFTY","01-Nov-2018","27-Dec-2018","CE","4500","0","0","0","3443.35","0","5932.3","0","0","0","0","0","-"
"NIFTY","01-Nov-2018","27-Dec-2018","CE","4600","0","0","0","3382.95","0","5833.45","0","0","0","0","0","-"
"NIFTY","01-Nov-2018","27-Dec-2018","CE","4700","0","0","0","3322.95","0","5734.6","0","0","0","0","0","-"
"NIFTY","01-Nov-2018","27-Dec-2018","CE","4800","0","0","0","3263.3","0","5635.75","0","0","0","0","0","-"
"NIFTY","01-Nov-2018","27-Dec-2018","CE","4900","0","0","0","3204.05","0","5536.9","0","0","0","0","0","-"
"NIFTY","01-Nov-2018","27-Dec-2018","CE","5000","0","0","0","5188.95","5178.2","5438.05","0","0","0","24300","0","-"
"NIFTY","01-Nov-2018","27-Dec-2018","CE","5100","0","0","0","3086.8","0","5339.2","0","0","0","0","0","-"
"NIFTY","01-Nov-2018","27-Dec-2018","CE","5200","0","0","0","3028.85","0","5240.35","0","0","0","0","0","-"
"NIFTY","01-Nov-2018","27-Dec-2018","CE","5300","0","0","0","2971.4","0","5141.5","0","0","0","0","0","-"
"NIFTY","01-Nov-2018","27-Dec-2018","CE","5400","0","0","0","2914.4","0","5042.65","0","0","0","0","0","-"
"NIFTY","01-Nov-2018","27-Dec-2018","CE","5500","0","0","0","2857.95","0","4943.8","0","0","0","0","0","-"
"NIFTY","01-Nov-2018","27-Dec-2018","CE","5600","0","0","0","2802.05","0","4844.95","0","0","0","0","0","-"
"NIFTY","01-Nov-2018","27-Dec-2018","CE","5700","0","0","0","2746.7","0","4746.1","0","0","0","0","0","-"
"NIFTY","01-Nov-2018","27-Dec-2018","CE","5800","0","0","0","2691.9","0","4647.25","0","0","0","0","0","-"
"NIFTY","01-Nov-2018","27-Dec-2018","CE","5900","0","0","0","2637.7","0","4548.4","0","0","0","0","0","-"
"NIFTY","01-Nov-2018","27-Dec-2018","CE","6000","4375","4410","4341","4410","4410","4410","32","249.01","105.01","56550","1725","-"
"NIFTY","01-Nov-2018","27-Dec-2018","CE","6100","0","0","0","2531.1","0","4350.7","0","0","0","0","0","-"
"NIFTY","01-Nov-2018","27-Dec-2018","CE","6200","0","0","0","2478.7","0","4251.85","0","0","0","0","0","-"
"NIFTY","01-Nov-2018","27-Dec-2018","CE","6300","0","0","0","2427","0","4153.05","0","0","0","0","0","-"
"NIFTY","01-Nov-2018","27-Dec-2018","CE","6400","0","0","0","2375.95","0","4054.2","0","0","0","0","0","-"
"NIFTY","01-Nov-2018","27-Dec-2018","CE","6500","0","0","0","2325.55","0","3955.35","0","0","0","0","0","-"
"NIFTY","01-Nov-2018","27-Dec-2018","CE","6600","0","0","0","2275.85","0","3856.5","0","0","0","0","0","-"
"NIFTY","01-Nov-2018","27-Dec-2018","CE","6700","0","0","0","2226.8","0","3757.65","0","0","0","0","0","-"
"NIFTY","01-Nov-2018","27-Dec-2018","CE","6800","0","0","0","2178.45","0","3658.8","0","0","0","0","0","-"
"NIFTY","01-Nov-2018","27-Dec-2018","CE","6900","0","0","0","2131","0","3559.95","0","0","0","0","0","-"
"NIFTY","01-Nov-2018","27-Dec-2018","CE","7000","3375","3505.75","3375","3423.15","3382.8","3423.15","79","617.07","202.32","541725","-825","-"
"NIFTY","01-Nov-2018","27-Dec-2018","CE","7100","0","0","0","2037.8","0","3362.25","0","0","0","0","0","-"
"NIFTY","01-Nov-2018","27-Dec-2018","CE","7200","0","0","0","1992.3","0","3263.4","0","0","0","0","0","-"
"NIFTY","01-Nov-2018","27-Dec-2018","CE","7300","0","0","0","1740","1740","3164.55","0","0","0","3750","0","-"
"NIFTY","01-Nov-2018","27-Dec-2018","CE","7400","0","0","0","1903.4","0","3065.7","0","0","0","0","0","-"
"NIFTY","01-Nov-2018","27-Dec-2018","CE","7500","0","0","0","2817.25","2817.25","2966.85","0","0","0","3425","0","-"
"NIFTY","01-Nov-2018","27-Dec-2018","CE","7600","0","0","0","1729.55","1729.55","2868.05","0","0","0","8250","0","-"
"NIFTY","01-Nov-2018","27-Dec-2018","CE","7700","0","0","0","1775.55","0","2769.25","0","0","0","0","0","-"
"NIFTY","01-Nov-2018","27-Dec-2018","CE","7800","0","0","0","2107.65","2107.65","2670.45","0","0","0","75000","0","-"
"NIFTY","01-Nov-2018","27-Dec-2018","CE","7900","0","0","0","1482.3","1482.3","2571.7","0","0","0","115050","0","-"
"NIFTY","01-Nov-2018","27-Dec-2018","CE","8000","2425.3","2446.75","2383.05","2439.15","2439.95","2439.15","114","890.91","206.91","810450","-150","-"
"NIFTY","01-Nov-2018","27-Dec-2018","CE","8100","0","0","0","1615.35","0","2374.35","0","0","0","0","0","-"
"NIFTY","01-Nov-2018","27-Dec-2018","CE","8200","0","0","0","2992","2992","2275.85","0","0","0","182325","0","-"
"NIFTY","01-Nov-2018","27-Dec-2018","CE","8300","0","0","0","1539.35","0","2177.5","0","0","0","0","0","-"
"NIFTY","01-Nov-2018","27-Dec-2018","CE","8400","0","0","0","2771","2771","2079.35","0","0","0","3975","0","-"
"NIFTY","01-Nov-2018","27-Dec-2018","CE","8500","1945","1945","1945","1945","1945","1945","1","7.83","1.46","552375","0","-"
"NIFTY","01-Nov-2018","27-Dec-2018","CE","8550","0","0","0","1594.2","0","1932.75","0","0","0","0","0","-"
"NIFTY","01-Nov-2018","27-Dec-2018","CE","8600","1845","1845","1845","1845","1845","1845","1","7.83","1.38","1022700","0","-"
"NIFTY","01-Nov-2018","27-Dec-2018","CE","8650","0","0","0","1625.8","0","1835.6","0","0","0","0","0","-"
"NIFTY","01-Nov-2018","27-Dec-2018","CE","8700","1745","1745","1745","1745","1745","1745","1","7.83","1.31","734675","0","-"
"NIFTY","01-Nov-2018","27-Dec-2018","CE","8750","0","0","0","1644.55","0","1739","0","0","0","0","0","-"
"NIFTY","01-Nov-2018","27-Dec-2018","CE","8800","0","0","0","1817.6","1817.6","1691","0","0","0","600","0","-"
"NIFTY","01-Nov-2018","27-Dec-2018","CE","8850","0","0","0","1636.35","0","1643.2","0","0","0","0","0","-"
"NIFTY","01-Nov-2018","27-Dec-2018","CE","8900","0","0","0","1489.4","0","1595.65","0","0","0","0","0","-"
"NIFTY","01-Nov-2018","27-Dec-2018","CE","8950","0","0","0","1544.55","0","1548.3","0","0","0","0","0","-"
"NIFTY","01-Nov-2018","27-Dec-2018","CE","9000","1490","1491.05","1410","1466.9","1470","1466.9","199","1560.72","217.47","539100","-4950","-"
"NIFTY","01-Nov-2018","27-Dec-2018","CE","9050","0","0","0","1454.25","0","1454.6","0","0","0","0","0","-"
"NIFTY","01-Nov-2018","27-Dec-2018","CE","9100","0","0","0","1200","1200","1408.2","0","0","0","150","0","-"
"NIFTY","01-Nov-2018","27-Dec-2018","CE","9150","0","0","0","1620.1","0","1362.25","0","0","0","0","0","-"
"NIFTY","01-Nov-2018","27-Dec-2018","CE","9200","0","0","0","1202.15","0","1316.65","0","0","0","0","0","-"
"NIFTY","01-Nov-2018","27-Dec-2018","CE","9250","0","0","0","1526.3","0","1271.55","0","0","0","0","0","-"
"NIFTY","01-Nov-2018","27-Dec-2018","CE","9300","0","0","0","1432.2","0","1226.85","0","0","0","0","0","-"
"NIFTY","01-Nov-2018","27-Dec-2018","CE","9350","0","0","0","1675.4","0","1182.7","0","0","0","0","0","-"
"NIFTY","01-Nov-2018","27-Dec-2018","CE","9400","0","0","0","870.4","870.4","1139.1","0","0","0","75","0","-"
"NIFTY","01-Nov-2018","27-Dec-2018","CE","9450","0","0","0","1655.6","0","1096.1","0","0","0","0","0","-"
"NIFTY","01-Nov-2018","27-Dec-2018","CE","9500","990","1022","975","1017.5","1017.5","1017.5","103","810.96","77.09","236175","-3900","-"
"NIFTY","01-Nov-2018","27-Dec-2018","CE","9550","0","0","0","1612.3","0","1011.95","0","0","0","0","0","-"
"NIFTY","01-Nov-2018","27-Dec-2018","CE","9600","925","925","925","925","925","925","2","15.79","1.39","71325","150","-"
"NIFTY","01-Nov-2018","27-Dec-2018","CE","9650","0","0","0","1516.7","0","930.55","0","0","0","0","0","-"
"NIFTY","01-Nov-2018","27-Dec-2018","CE","9700","0","0","0","840","840","890.95","0","0","0","32775","0","-"
"NIFTY","01-Nov-2018","27-Dec-2018","CE","9750","0","0","0","1422","0","852.15","0","0","0","0","0","-"
"NIFTY","01-Nov-2018","27-Dec-2018","CE","9800","773.2","773.2","773.2","773.2","773.2","773.2","2","15.86","1.16","2325","-150","-"
"NIFTY","01-Nov-2018","27-Dec-2018","CE","9850","0","0","0","1328.45","0","777.45","0","0","0","0","0","-"
"NIFTY","01-Nov-2018","27-Dec-2018","CE","9900","660","660","660","660","660","660","1","7.92",".5","4800","0","-"
"NIFTY","01-Nov-2018","27-Dec-2018","CE","9950","0","0","0","1236.3","0","705.35","0","0","0","0","0","-"
"NIFTY","01-Nov-2018","27-Dec-2018","CE","10000","605.4","624.9","567","602","599.45","602","284","2257.05","127.05","396300","-6450","-"
"NIFTY","01-Nov-2018","27-Dec-2018","CE","10050","0","0","0","1145.85","0","637.5","0","0","0","0","0","-"
"NIFTY","01-Nov-2018","27-Dec-2018","CE","10100","548","549.9","506.75","523.7","520.15","523.7","25","199.27","9.89","30000","-675","-"
"NIFTY","01-Nov-2018","27-Dec-2018","CE","10150","0","0","0","1057.45","0","573.55","0","0","0","0","0","-"
"NIFTY","01-Nov-2018","27-Dec-2018","CE","10200","422","475","420","451.9","457","451.9","283","2259.09","94.14","562800","-1500","-"
"NIFTY","01-Nov-2018","27-Dec-2018","CE","10250","0","0","0","971.4","0","513.55","0","0","0","0","0","-"
"NIFTY","01-Nov-2018","27-Dec-2018","CE","10300","391.75","406.45","359.9","391.05","397.3","391.05","121","969.81","35.08","74550","-2775","-"
"NIFTY","01-Nov-2018","27-Dec-2018","CE","10350","0","0","0","365.4","365.4","457.7","0","0","0","525","0","-"
"NIFTY","01-Nov-2018","27-Dec-2018","CE","10400","330.4","342.95","296.1","326.8","326","326.8","578","4648.45","140.05","110625","-750","-"
"NIFTY","01-Nov-2018","27-Dec-2018","CE","10450","0","0","0","807.7","0","405.9","0","0","0","0","0","-"
"NIFTY","01-Nov-2018","27-Dec-2018","CE","10500","269","286.45","242.85","269.05","269.15","269.05","2657","21451.84","527.97","621675","-900","-"
"NIFTY","01-Nov-2018","27-Dec-2018","CE","10550","0","0","0","730.8","0","358.2","0","0","0","0","0","-"
"NIFTY","01-Nov-2018","27-Dec-2018","CE","10600","227.4","229.5","192.1","216.55","216","216.55","1171","9495.14","185.69","174750","-8475","-"
"NIFTY","01-Nov-2018","27-Dec-2018","CE","10650","0","0","0","657.9","0","314.6","0","0","0","0","0","-"
"NIFTY","01-Nov-2018","27-Dec-2018","CE","10700","183.95","183.95","149.4","168.4","169","168.4","3999","32585.86","493.89","573075","-66150","-"
"NIFTY","01-Nov-2018","27-Dec-2018","CE","10750","0","0","0","588.2","0","274.9","0","0","0","0","0","-"
"NIFTY","01-Nov-2018","27-Dec-2018","CE","10800","128.5","141","114.5","128","132.9","128","2170","17781.89","204.89","385875","15675","-"
"NIFTY","01-Nov-2018","27-Dec-2018","CE","10850","0","0","0","523.2","0","239","0","0","0","0","0","-"
"NIFTY","01-Nov-2018","27-Dec-2018","CE","10900","98.2","106.95","86.45","96.35","97.2","96.35","1456","12007.78","104.98","154500","1050","-"
"NIFTY","01-Nov-2018","27-Dec-2018","CE","10950","0","0","0","462.6","0","206.8","0","0","0","0","0","-"
"NIFTY","01-Nov-2018","27-Dec-2018","CE","11000","78.1","78.85","64.05","72","72.8","72","5556","46133.01","296.01","1565175","-2550","-"
"NIFTY","01-Nov-2018","27-Dec-2018","CE","11050","0","0","0","406.5","0","178","0","0","0","0","0","-"
"NIFTY","01-Nov-2018","27-Dec-2018","CE","11100","55","56.85","46","50.55","50.7","50.55","727","6079.48","27.21","121875","3825","-"
"NIFTY","01-Nov-2018","27-Dec-2018","CE","11150","0","0","0","354.95","0","152.95","0","0","0","0","0","-"
"NIFTY","01-Nov-2018","27-Dec-2018","CE","11200","39.75","41.45","28","35.5","37.75","35.5","223","1879.12","5.92","106650","-1125","-"
"NIFTY","01-Nov-2018","27-Dec-2018","CE","11250","0","0","0","307.95","0","130.15","0","0","0","0","0","-"
"NIFTY","01-Nov-2018","27-Dec-2018","CE","11300","31.7","31.7","24","25.3","25.6","25.3","118","1002.42","2.37","93825","1650","-"
"NIFTY","01-Nov-2018","27-Dec-2018","CE","11350","0","0","0","265.45","0","110.4","0","0","0","0","0","-"
"NIFTY","01-Nov-2018","27-Dec-2018","CE","11400","20.05","22.45","18.55","19.65","19.5","19.65","185","1584.58","2.83","64050","2250","-"
"NIFTY","01-Nov-2018","27-Dec-2018","CE","11450","0","0","0","227.3","0","93.2","0","0","0","0","0","-"
"NIFTY","01-Nov-2018","27-Dec-2018","CE","11500","25.6","25.6","16.05","18.15","18","18.15","1230","10625.8","17.05","1119975","-10275","-"
"NIFTY","01-Nov-2018","27-Dec-2018","CE","11550","0","0","0","193.4","0","78.3","0","0","0","0","0","-"
"NIFTY","01-Nov-2018","27-Dec-2018","CE","11600","14.55","14.65","13","13.5","13.5","13.5","22","191.63",".23","22350","225","-"
"NIFTY","01-Nov-2018","27-Dec-2018","CE","11650","0","0","0","163.4","0","65.45","0","0","0","0","0","-"
"NIFTY","01-Nov-2018","27-Dec-2018","CE","11700","13.55","13.55","10.25","10.95","13.25","10.95","14","122.98",".13","120675","0","-"
"NIFTY","01-Nov-2018","27-Dec-2018","CE","11750","0","0","0","137.7","0","54.45","0","0","0","0","0","-"
"NIFTY","01-Nov-2018","27-Dec-2018","CE","11800","11.75","12","11.75","12","12","12","5","44.29",".04","130650","300","-"
"NIFTY","01-Nov-2018","27-Dec-2018","CE","11850","0","0","0","114.55","0","45.05","0","0","0","0","0","-"
"NIFTY","01-Nov-2018","27-Dec-2018","CE","11900","19.6","19.6","8.05","11.9","11.9","11.9","4","35.74",".04","35100","75","-"
"NIFTY","01-Nov-2018","27-Dec-2018","CE","11950","0","0","0","60","60","37.1","0","0","0","75","0","-"
"NIFTY","01-Nov-2018","27-Dec-2018","CE","12000","10.35","10.35","7.2","7.7","7.85","7.7","839","7555.9","4.9","820950","10350","-"
"NIFTY","01-Nov-2018","27-Dec-2018","CE","12050","0","0","0","78.1","0","30.45","0","0","0","0","0","-"
"NIFTY","01-Nov-2018","27-Dec-2018","CE","12100","0","0","0","6.15","5.3","27.5","0","0","0","109500","0","-"
"NIFTY","01-Nov-2018","27-Dec-2018","CE","12150","0","0","0","63.85","0","24.85","0","0","0","0","0","-"
"NIFTY","01-Nov-2018","27-Dec-2018","CE","12200","8.9","8.9","6.05","6.1","6.05","6.1","15","137.32",".07","72525","0","-"
"NIFTY","01-Nov-2018","27-Dec-2018","CE","12250","0","0","0","51.85","0","20.2","0","0","0","0","0","-"
"NIFTY","01-Nov-2018","27-Dec-2018","CE","12300","7","7","3.75","3.85","3.85","3.85","409","3774.22","1.19","31725","1200","-"
"NIFTY","01-Nov-2018","27-Dec-2018","CE","12350","0","0","0","41.85","0","16.3","0","0","0","0","0","-"
"NIFTY","01-Nov-2018","27-Dec-2018","CE","12400","0","0","0","24","24","14.65","0","0","0","150","0","-"
"NIFTY","01-Nov-2018","27-Dec-2018","CE","12450","0","0","0","33.55","0","13.15","0","0","0","0","0","-"
"NIFTY","01-Nov-2018","27-Dec-2018","CE","12500","5","5.4","2.95","3.55","3.25","3.55","77","722.08",".2","122100","-300","-"
"NIFTY","01-Nov-2018","27-Dec-2018","CE","12600","0","0","0","0.2","0.2","9.4","0","0","0","3150","0","-"
"NIFTY","01-Nov-2018","27-Dec-2018","CE","12700","0","0","0","2.7","2.7","7.5","0","0","0","300","0","-"
"NIFTY","01-Nov-2018","27-Dec-2018","CE","12800","0","0","0","82.2","0","5.95","0","0","0","0","0","-"
"NIFTY","01-Nov-2018","27-Dec-2018","CE","12900","0","0","0","7.4","7.4","4.7","0","0","0","300","0","-"
"NIFTY","01-Nov-2018","27-Dec-2018","CE","13000","1.85","2","1.7","1.75","1.7","1.75","42","409.56",".06","62850","2100","-"
"NIFTY","01-Nov-2018","27-Dec-2018","CE","13100","0","0","0","33.85","0","2.9","0","0","0","0","0","-"
"NIFTY","01-Nov-2018","27-Dec-2018","CE","13200","0","0","0","40.5","0","2.25","0","0","0","0","0","-"
"NIFTY","01-Nov-2018","27-Dec-2018","CE","13300","0","0","0","42.85","0","1.75","0","0","0","0","0","-"
"NIFTY","01-Nov-2018","27-Dec-2018","CE","13400","0","0","0","45.1","0","1.35","0","0","0","0","0","-"
"NIFTY","01-Nov-2018","27-Dec-2018","CE","13500","1.8","2.4","1.8","2","2","2","6","60.76",".01","17475","0","-"
"NIFTY","01-Nov-2018","27-Dec-2018","CE","13600","0","0","0","1.8","0","0.8","0","0","0","0","0","-"
"NIFTY","01-Nov-2018","27-Dec-2018","CE","13700","0","0","0","3.1","0","0.65","0","0","0","0","0","-"
"NIFTY","01-Nov-2018","27-Dec-2018","CE","13800","0","0","0","1.7","1.7","0.5","0","0","0","0","0","-"
"NIFTY","01-Nov-2018","27-Dec-2018","CE","13900","0","0","0","0.1","0.1","0.35","0","0","0","150","0","-"
"NIFTY","01-Nov-2018","27-Dec-2018","CE","14000","1","1.1","1","1","1","1","123","1291.59",".09","105975","75","-"
"NIFTY","01-Nov-2018","27-Dec-2018","CE","14100","0","0","0","1.65","0","0.2","0","0","0","0","0","-"
"NIFTY","02-Nov-2018","27-Dec-2018","CE","12450","0","0","0","33.55","0","22.1","0","0","0","0","0","10553"
"NIFTY","02-Nov-2018","27-Dec-2018","CE","12500","3.4","3.95","2.85","2.85","2.85","2.85","72","675.19",".19","123900","1800","10553"
"NIFTY","02-Nov-2018","27-Dec-2018","CE","12600","0","0","0","0.2","0.2","16.25","0","0","0","3150","0","10553"
"NIFTY","02-Nov-2018","27-Dec-2018","CE","12700","0","0","0","2.7","2.7","13.15","0","0","0","300","0","10553"
"NIFTY","02-Nov-2018","27-Dec-2018","CE","12800","0","0","0","82.2","0","10.65","0","0","0","0","0","10553"
"NIFTY","02-Nov-2018","27-Dec-2018","CE","12900","0","0","0","7.4","7.4","8.55","0","0","0","300","0","10553"
"NIFTY","02-Nov-2018","27-Dec-2018","CE","13000","2.3","3.25","1.55","1.95","1.9","1.95","480","4680.75",".75","63150","300","10553"
"NIFTY","02-Nov-2018","27-Dec-2018","CE","13100","0","0","0","33.85","0","5.45","0","0","0","0","0","10553"
"NIFTY","02-Nov-2018","27-Dec-2018","CE","13200","0","0","0","40.5","0","4.35","0","0","0","0","0","10553"
"NIFTY","02-Nov-2018","27-Dec-2018","CE","13300","0","0","0","42.85","0","3.45","0","0","0","0","0","10553"
"NIFTY","02-Nov-2018","27-Dec-2018","CE","13400","0","0","0","45.1","0","2.7","0","0","0","0","0","10553"
"NIFTY","02-Nov-2018","27-Dec-2018","CE","13500","2.95","3.5","1.6","1.65","1.65","1.65","243","2460.79",".42","20775","3300","10553"
"NIFTY","02-Nov-2018","27-Dec-2018","CE","13600","0","0","0","1.8","0","1.65","0","0","0","0","0","10553"
"NIFTY","02-Nov-2018","27-Dec-2018","CE","13700","0","0","0","3.1","0","1.3","0","0","0","0","0","10553"
"NIFTY","02-Nov-2018","27-Dec-2018","CE","13800","0","0","0","1.7","1.7","1","0","0","0","0","0","10553"
"NIFTY","02-Nov-2018","27-Dec-2018","CE","13900","0","0","0","0.1","0.1","0.8","0","0","0","150","0","10553"
"NIFTY","02-Nov-2018","27-Dec-2018","CE","14000","1.15","1.15","1","1","1","1","68","714.05",".05","105900","-75","10553"
"NIFTY","02-Nov-2018","27-Dec-2018","CE","14100","0","0","0","1.65","0","0.5","0","0","0","0","0","10553"
"NIFTY","02-Nov-2018","27-Dec-2018","CE","9250","0","0","0","1526.3","0","1432.4","0","0","0","0","0","10553"
"NIFTY","02-Nov-2018","27-Dec-2018","CE","9300","0","0","0","1432.2","0","1386.55","0","0","0","0","0","10553"
"NIFTY","02-Nov-2018","27-Dec-2018","CE","9350","0","0","0","1675.4","0","1341.1","0","0","0","0","0","10553"
"NIFTY","02-Nov-2018","27-Dec-2018","CE","9400","0","0","0","870.4","870.4","1296.15","0","0","0","75","0","10553"
"NIFTY","02-Nov-2018","27-Dec-2018","CE","9450","0","0","0","1655.6","0","1251.6","0","0","0","0","0","10553"
"NIFTY","02-Nov-2018","27-Dec-2018","CE","9500","1085","1200","1085","1150","1150","1150","61","486.47","51.84","236175","0","10553"
"NIFTY","02-Nov-2018","27-Dec-2018","CE","9550","0","0","0","1612.3","0","1164.15","0","0","0","0","0","10553"
"NIFTY","02-Nov-2018","27-Dec-2018","CE","9600","1055","1055","1055","1055","1055","1055","1","7.99",".79","71400","75","10553"
"NIFTY","02-Nov-2018","27-Dec-2018","CE","9650","0","0","0","1516.7","0","1078.95","0","0","0","0","0","10553"
"NIFTY","02-Nov-2018","27-Dec-2018","CE","9700","0","0","0","840","840","1037.3","0","0","0","32775","0","10553"
"NIFTY","02-Nov-2018","27-Dec-2018","CE","9750","0","0","0","1422","0","996.3","0","0","0","0","0","10553"
"NIFTY","02-Nov-2018","27-Dec-2018","CE","9800","829","898.95","829","892.45","892.45","892.45","8","64.05","5.25","2100","-225","10553"
"NIFTY","02-Nov-2018","27-Dec-2018","CE","9850","0","0","0","1328.45","0","916.5","0","0","0","0","0","10553"
"NIFTY","02-Nov-2018","27-Dec-2018","CE","9900","819","848.7","795","797.7","799","797.7","23","184.82","14.04","4125","-675","10553"
"NIFTY","02-Nov-2018","27-Dec-2018","CE","9950","0","0","0","1236.3","0","839.8","0","0","0","0","0","10553"
"NIFTY","02-Nov-2018","27-Dec-2018","CE","10000","643.15","770","643.15","720.25","727.9","720.25","533","4287.74","290.24","383550","-12750","10553"
"NIFTY","02-Nov-2018","27-Dec-2018","CE","10050","0","0","0","1145.85","0","766.65","0","0","0","0","0","10553"
"NIFTY","02-Nov-2018","27-Dec-2018","CE","10100","594","677.15","594","633.3","637.4","633.3","87","700.54","41.52","28650","-1350","10553"
"NIFTY","02-Nov-2018","27-Dec-2018","CE","10150","0","0","0","1057.45","0","696.3","0","0","0","0","0","10553"
"NIFTY","02-Nov-2018","27-Dec-2018","CE","10200","510","597.2","494.1","554.95","558.65","554.95","521","4202.67","217.02","560850","-1950","10553"
"NIFTY","02-Nov-2018","27-Dec-2018","CE","10250","0","0","0","971.4","0","630.05","0","0","0","0","0","10553"
"NIFTY","02-Nov-2018","27-Dec-2018","CE","10300","435.4","519.4","426.2","488.3","486.5","488.3","178","1439.92","64.87","67875","-6675","10553"
"NIFTY","02-Nov-2018","27-Dec-2018","CE","10350","0","0","0","365.4","365.4","567.65","0","0","0","525","0","10553"
"NIFTY","02-Nov-2018","27-Dec-2018","CE","10400","359.4","450.4","357.2","414.95","435","414.95","955","7741.14","292.14","102375","-8250","10553"
"NIFTY","02-Nov-2018","27-Dec-2018","CE","10450","0","0","0","807.7","0","509.2","0","0","0","0","0","10553"
"NIFTY","02-Nov-2018","27-Dec-2018","CE","10500","304.95","385.45","295","349.4","360.85","349.4","6423","52252.51","1671.38","665700","44025","10553"
"NIFTY","02-Nov-2018","27-Dec-2018","CE","10550","0","0","0","730.8","0","454.7","0","0","0","0","0","10553"
"NIFTY","02-Nov-2018","27-Dec-2018","CE","10600","238.15","323.95","238.15","293.9","304.95","293.9","2101","17155.56","452.61","199500","24750","10553"
"NIFTY","02-Nov-2018","27-Dec-2018","CE","10650","0","0","0","657.9","0","404.15","0","0","0","0","0","10553"
"NIFTY","02-Nov-2018","27-Dec-2018","CE","10700","195.65","266","189.8","236.3","241.9","236.3","3846","31534.35","670.2","514950","-58125","10553"
"NIFTY","02-Nov-2018","27-Dec-2018","CE","10750","0","0","0","588.2","0","357.6","0","0","0","0","0","10553"
"NIFTY","02-Nov-2018","27-Dec-2018","CE","10800","147.75","212.5","145.35","186.45","192.45","186.45","6332","52173.13","883.93","321225","-64650","10553"
"NIFTY","02-Nov-2018","27-Dec-2018","CE","10850","0","0","0","523.2","0","314.95","0","0","0","0","0","10553"
"NIFTY","02-Nov-2018","27-Dec-2018","CE","10900","110.15","167.2","106.8","144","150","144","3523","29185.06","384.53","145425","-9075","10553"
"NIFTY","02-Nov-2018","27-Dec-2018","CE","10950","0","0","0","462.6","0","276.1","0","0","0","0","0","10553"
"NIFTY","02-Nov-2018","27-Dec-2018","CE","11000","80","128","80","109.55","115","109.55","12709","105872.31","1023.06","1573575","8400","10553"
"NIFTY","02-Nov-2018","27-Dec-2018","CE","11050","0","0","0","406.5","0","240.9","0","0","0","0","0","10553"
"NIFTY","02-Nov-2018","27-Dec-2018","CE","11100","57","94.2","57","81.8","84.85","81.8","1761","14763.53","103.21","127725","5850","10553"
"NIFTY","02-Nov-2018","27-Dec-2018","CE","11150","0","0","0","354.95","0","209.2","0","0","0","0","0","10553"
"NIFTY","02-Nov-2018","27-Dec-2018","CE","11200","42.75","68.95","39.75","59.35","65.25","59.35","2660","22460.41","116.41","153900","47250","10553"
"NIFTY","02-Nov-2018","27-Dec-2018","CE","11250","0","0","0","307.95","0","180.85","0","0","0","0","0","10553"
"NIFTY","02-Nov-2018","27-Dec-2018","CE","11300","30","50.05","28","45.1","46.3","45.1","2040","17355.38","66.38","108225","14400","10553"
"NIFTY","02-Nov-2018","27-Dec-2018","CE","11350","0","0","0","265.45","0","156.1","0","0","0","0","0","10553"
"NIFTY","02-Nov-2018","27-Dec-2018","CE","11400","25","36.65","20.3","32.85","34.9","32.85","610","5229.25","13.75","66975","2925","10553"
"NIFTY","02-Nov-2018","27-Dec-2018","CE","11450","0","0","0","227.3","0","133.45","0","0","0","0","0","10553"
"NIFTY","02-Nov-2018","27-Dec-2018","CE","11500","23.4","28.5","19.15","25.9","27.4","25.9","5820","50305.1","107.6","1130700","10725","10553"
"NIFTY","02-Nov-2018","27-Dec-2018","CE","11550","0","0","0","193.4","0","113.75","0","0","0","0","0","10553"
"NIFTY","02-Nov-2018","27-Dec-2018","CE","11600","15","24.9","15","19.9","20","19.9","97","845.47","1.57","18000","-4350","10553"
"NIFTY","02-Nov-2018","27-Dec-2018","CE","11650","0","0","0","163.4","0","96.55","0","0","0","0","0","10553"
"NIFTY","02-Nov-2018","27-Dec-2018","CE","11700","13.45","16","11","12","13","12","202","1774.69","2.14","118875","-1800","10553"
"NIFTY","02-Nov-2018","27-Dec-2018","CE","11750","0","0","0","137.7","0","81.6","0","0","0","0","0","10553"
"NIFTY","02-Nov-2018","27-Dec-2018","CE","11800","17.05","17.05","12","12.9","12.9","12.9","72","637.92",".72","131100","450","10553"
"NIFTY","02-Nov-2018","27-Dec-2018","CE","11850","0","0","0","114.55","0","68.6","0","0","0","0","0","10553"
"NIFTY","02-Nov-2018","27-Dec-2018","CE","11900","10","14.8","10","12","12","12","9","80.41",".08","34950","-150","10553"
"NIFTY","02-Nov-2018","27-Dec-2018","CE","11950","0","0","0","60","60","57.45","0","0","0","75","0","10553"
"NIFTY","02-Nov-2018","27-Dec-2018","CE","12000","7.8","9.8","3.55","6.85","7","6.85","2659","23946.55","15.55","823800","2850","10553"
"NIFTY","02-Nov-2018","27-Dec-2018","CE","12050","0","0","0","78.1","0","47.85","0","0","0","0","0","10553"
"NIFTY","02-Nov-2018","27-Dec-2018","CE","12100","0","0","0","6.15","5.3","43.65","0","0","0","109500","0","10553"
"NIFTY","02-Nov-2018","27-Dec-2018","CE","12150","0","0","0","63.85","0","39.7","0","0","0","0","0","10553"
"NIFTY","02-Nov-2018","27-Dec-2018","CE","12200","0","0","0","6.1","6.05","36.1","0","0","0","72525","0","10553"
"NIFTY","02-Nov-2018","27-Dec-2018","CE","12250","0","0","0","51.85","0","32.8","0","0","0","0","0","10553"
"NIFTY","02-Nov-2018","27-Dec-2018","CE","12300","3.9","3.9","3.85","3.85","3.85","3.85","6","55.37",".02","31725","0","10553"
"NIFTY","02-Nov-2018","27-Dec-2018","CE","12350","0","0","0","41.85","0","27","0","0","0","0","0","10553"
"NIFTY","02-Nov-2018","27-Dec-2018","CE","12400","0","0","0","24","24","24.45","0","0","0","150","0","10553"
"NIFTY","02-Nov-2018","27-Dec-2018","CE","3600","6934.5","6950","6900","6900","6900","6900","8","63.17","41.57","158025","-75","10553"
"NIFTY","02-Nov-2018","27-Dec-2018","CE","3700","0","0","0","3782.65","0","6894.75","0","0","0","0","0","10553"
"NIFTY","02-Nov-2018","27-Dec-2018","CE","3800","0","0","0","3803.5","0","6795.9","0","0","0","0","0","10553"
"NIFTY","02-Nov-2018","27-Dec-2018","CE","3900","0","0","0","3811.6","0","6697","0","0","0","0","0","10553"
"NIFTY","02-Nov-2018","27-Dec-2018","CE","4000","6490","6575","6490","6518.95","6521","6518.95","33","260.53","161.53","1061700","-225","10553"
"NIFTY","02-Nov-2018","27-Dec-2018","CE","4100","0","0","0","3687.85","0","6499.3","0","0","0","0","0","10553"
"NIFTY","02-Nov-2018","27-Dec-2018","CE","4200","0","0","0","3626.3","0","6400.4","0","0","0","0","0","10553"
"NIFTY","02-Nov-2018","27-Dec-2018","CE","4300","0","0","0","3565","0","6301.55","0","0","0","0","0","10553"
"NIFTY","02-Nov-2018","27-Dec-2018","CE","4400","0","0","0","3504","0","6202.65","0","0","0","0","0","10553"
"NIFTY","02-Nov-2018","27-Dec-2018","CE","4500","0","0","0","3443.35","0","6103.8","0","0","0","0","0","10553"
"NIFTY","02-Nov-2018","27-Dec-2018","CE","4600","0","0","0","3382.95","0","6004.9","0","0","0","0","0","10553"
"NIFTY","02-Nov-2018","27-Dec-2018","CE","4700","0","0","0","3322.95","0","5906.05","0","0","0","0","0","10553"
"NIFTY","02-Nov-2018","27-Dec-2018","CE","4800","0","0","0","3263.3","0","5807.2","0","0","0","0","0","10553"
"NIFTY","02-Nov-2018","27-Dec-2018","CE","4900","0","0","0","3204.05","0","5708.3","0","0","0","0","0","10553"
"NIFTY","02-Nov-2018","27-Dec-2018","CE","5000","0","0","0","5188.95","5178.2","5609.45","0","0","0","24300","0","10553"
"NIFTY","02-Nov-2018","27-Dec-2018","CE","5100","0","0","0","3086.8","0","5510.55","0","0","0","0","0","10553"
"NIFTY","02-Nov-2018","27-Dec-2018","CE","5200","0","0","0","3028.85","0","5411.7","0","0","0","0","0","10553"
"NIFTY","02-Nov-2018","27-Dec-2018","CE","5300","0","0","0","2971.4","0","5312.8","0","0","0","0","0","10553"
"NIFTY","02-Nov-2018","27-Dec-2018","CE","5400","0","0","0","2914.4","0","5213.95","0","0","0","0","0","10553"
"NIFTY","02-Nov-2018","27-Dec-2018","CE","5500","0","0","0","2857.95","0","5115.05","0","0","0","0","0","10553"
"NIFTY","02-Nov-2018","27-Dec-2018","CE","5600","0","0","0","2802.05","0","5016.2","0","0","0","0","0","10553"
"NIFTY","02-Nov-2018","27-Dec-2018","CE","5700","0","0","0","2746.7","0","4917.35","0","0","0","0","0","10553"
"NIFTY","02-Nov-2018","27-Dec-2018","CE","5800","0","0","0","2691.9","0","4818.45","0","0","0","0","0","10553"
"NIFTY","02-Nov-2018","27-Dec-2018","CE","5900","0","0","0","2637.7","0","4719.6","0","0","0","0","0","10553"
"NIFTY","02-Nov-2018","27-Dec-2018","CE","6000","4510","4600","4510","4547","4547","4547","19","150.41","64.91","57000","450","10553"
"NIFTY","02-Nov-2018","27-Dec-2018","CE","6100","0","0","0","2531.1","0","4521.85","0","0","0","0","0","10553"
"NIFTY","02-Nov-2018","27-Dec-2018","CE","6200","0","0","0","2478.7","0","4422.95","0","0","0","0","0","10553"
"NIFTY","02-Nov-2018","27-Dec-2018","CE","6300","0","0","0","2427","0","4324.1","0","0","0","0","0","10553"
"NIFTY","02-Nov-2018","27-Dec-2018","CE","6400","0","0","0","2375.95","0","4225.25","0","0","0","0","0","10553"
"NIFTY","02-Nov-2018","27-Dec-2018","CE","6500","0","0","0","2325.55","0","4126.35","0","0","0","0","0","10553"
"NIFTY","02-Nov-2018","27-Dec-2018","CE","6600","0","0","0","2275.85","0","4027.5","0","0","0","0","0","10553"
"NIFTY","02-Nov-2018","27-Dec-2018","CE","6700","0","0","0","2226.8","0","3928.6","0","0","0","0","0","10553"
"NIFTY","02-Nov-2018","27-Dec-2018","CE","6800","0","0","0","2178.45","0","3829.75","0","0","0","0","0","10553"
"NIFTY","02-Nov-2018","27-Dec-2018","CE","6900","0","0","0","2131","0","3730.85","0","0","0","0","0","10553"
"NIFTY","02-Nov-2018","27-Dec-2018","CE","7000","3555","3620","3555","3572.85","3581","3572.85","65","516.4","175.15","540975","-750","10553"
"NIFTY","02-Nov-2018","27-Dec-2018","CE","7100","0","0","0","2037.8","0","3533.15","0","0","0","0","0","10553"
"NIFTY","02-Nov-2018","27-Dec-2018","CE","7200","0","0","0","1992.3","0","3434.25","0","0","0","0","0","10553"
"NIFTY","02-Nov-2018","27-Dec-2018","CE","7300","0","0","0","1740","1740","3335.4","0","0","0","3750","0","10553"
"NIFTY","02-Nov-2018","27-Dec-2018","CE","7400","0","0","0","1903.4","0","3236.5","0","0","0","0","0","10553"
"NIFTY","02-Nov-2018","27-Dec-2018","CE","7500","0","0","0","2817.25","2817.25","3137.65","0","0","0","3425","0","10553"
"NIFTY","02-Nov-2018","27-Dec-2018","CE","7600","0","0","0","1729.55","1729.55","3038.8","0","0","0","8250","0","10553"
"NIFTY","02-Nov-2018","27-Dec-2018","CE","7700","0","0","0","1775.55","0","2939.95","0","0","0","0","0","10553"
"NIFTY","02-Nov-2018","27-Dec-2018","CE","7800","0","0","0","2107.65","2107.65","2841.1","0","0","0","75000","0","10553"
"NIFTY","02-Nov-2018","27-Dec-2018","CE","7900","0","0","0","1482.3","1482.3","2742.3","0","0","0","115050","0","10553"
"NIFTY","02-Nov-2018","27-Dec-2018","CE","8000","2542.5","2647.85","2530","2593.75","2601.35","2593.75","607","4831.49","1189.49","813825","3375","10553"
"NIFTY","02-Nov-2018","27-Dec-2018","CE","8100","0","0","0","1615.35","0","2544.8","0","0","0","0","0","10553"
"NIFTY","02-Nov-2018","27-Dec-2018","CE","8200","0","0","0","2992","2992","2446.15","0","0","0","182325","0","10553"
"NIFTY","02-Nov-2018","27-Dec-2018","CE","8300","0","0","0","1539.35","0","2347.6","0","0","0","0","0","10553"
"NIFTY","02-Nov-2018","27-Dec-2018","CE","8400","0","0","0","2771","2771","2249.2","0","0","0","3975","0","10553"
"NIFTY","02-Nov-2018","27-Dec-2018","CE","8500","2070","2145","2060","2115","2115","2115","37","294.48","58.61","552600","225","10553"
"NIFTY","02-Nov-2018","27-Dec-2018","CE","8550","0","0","0","1594.2","0","2102.05","0","0","0","0","0","10553"
"NIFTY","02-Nov-2018","27-Dec-2018","CE","8600","2010","2010","2010","2010","2010","2010","1","7.96","1.51","1022700","0","10553"
"NIFTY","02-Nov-2018","27-Dec-2018","CE","8650","0","0","0","1625.8","0","2004.35","0","0","0","0","0","10553"
"NIFTY","02-Nov-2018","27-Dec-2018","CE","8700","1910","1910","1910","1910","1910","1910","1","7.96","1.43","734675","0","10553"
"NIFTY","02-Nov-2018","27-Dec-2018","CE","8750","0","0","0","1644.55","0","1907.1","0","0","0","0","0","10553"
"NIFTY","02-Nov-2018","27-Dec-2018","CE","8800","0","0","0","1817.6","1817.6","1858.65","0","0","0","600","0","10553"
"NIFTY","02-Nov-2018","27-Dec-2018","CE","8850","0","0","0","1636.35","0","1810.4","0","0","0","0","0","10553"
"NIFTY","02-Nov-2018","27-Dec-2018","CE","8900","0","0","0","1489.4","0","1762.3","0","0","0","0","0","10553"
"NIFTY","02-Nov-2018","27-Dec-2018","CE","8950","0","0","0","1544.55","0","1714.35","0","0","0","0","0","10553"
"NIFTY","02-Nov-2018","27-Dec-2018","CE","9000","1540","1682","1540","1624.95","1627.8","1624.95","551","4402.79","683.54","509325","-29775","10553"
"NIFTY","02-Nov-2018","27-Dec-2018","CE","9050","0","0","0","1454.25","0","1619.25","0","0","0","0","0","10553"
"NIFTY","02-Nov-2018","27-Dec-2018","CE","9100","0","0","0","1200","1200","1572.05","0","0","0","150","0","10553"
"NIFTY","02-Nov-2018","27-Dec-2018","CE","9150","0","0","0","1620.1","0","1525.15","0","0","0","0","0","10553"
"NIFTY","02-Nov-2018","27-Dec-2018","CE","9200","1402.3","1402.3","1402.3","1402.3","1402.3","1402.3","4","31.81","4.21","300","300","10553"
